{"../Content/Abecedario.txt":1.7506671471250461,"../Content/Algortimo de Euclides.txt":1.96397717587128,"../Content/Arianne.txt":1.1227538029009907,"../Content/Casa de mu\u00F1ecas.txt":1.5390918960885236,"../Content/Cecilia Vald\u00E9s.txt":0.3952003399379333,"../Content/Choque de reyes.txt":0.33927739688122416,"../Content/Cien a\u00F1os de soledad.txt":1.354246838150424,"../Content/Danza de dragones.txt":0.3155658461974158,"../Content/Don Quijote de la Mancha.txt":0.7791626870532211,"../Content/El mundo de Hielo y Fuego.txt":0.8555331005395854,"../Content/El reino de este mundo.txt":1.1308284405473294,"../Content/Espacios Vectoriales.txt":1.6531739685304236,"../Content/Fest\u00EDn de cuervos.txt":0.34056359893927846,"../Content/Fest\u00EDn de dragones.txt":0.2864198229990209,"../Content/Harry Potter y el c\u00E1liz de fuego.txt":0.6819880054787476,"../Content/Harry Potter y el misterio del pr\u00EDncipe.txt":0.5082967021222023,"../Content/Harry Potter y el prisionero de Azkaban.txt":0.6831296414053488,"../Content/Harry Potter y la c\u00E1mara secreta.txt":0.6485759122474718,"../Content/Harry Potter y la Orden del F\u00E9nix.txt":0.633600291994353,"../Content/Harry Potter y la piedra filosofal.txt":0.6285457293300273,"../Content/Harry Potter y las Reliquias de la Muerte.txt":0.5657582027059775,"../Content/Herramientas.txt":2.501053144597788,"../Content/Hoteles de Cuba.txt":2.6086561120236467,"../Content/IA.txt":1.4626087153475817,"../Content/Juego de tronos.txt":0.4352557151782619,"../Content/La Historia me Absolver\u00E1, un arma de ideas.txt":0.45273220235218364,"../Content/Laptops.txt":2.1065980259315524,"../Content/Los juegos del hambre.txt":0.5479457778408017,"../Content/Machine Learning.txt":1.0497701277429066,"../Content/Maestrias y Doctorados.txt":1.7039573075953323,"../Content/Pap\u00E1 Goriot.txt":0.8127662369382103,"../Content/Perros.txt":1.263634590607489,"../Content/Romeo y Julieta.txt":1.7205627355971183,"../Content/Tormenta de espadas.txt":0.321871114790666}